Datetime,Water Level (m)
2025-05-20 06:00:00,0.084126316
2025-05-20 07:00:00,0.051835973
2025-05-20 08:00:00,0.021669077
2025-05-20 09:00:00,-0.0022709887
2025-05-20 10:00:00,0.00055355363
2025-05-20 11:00:00,0.042065714
2025-05-20 12:00:00,0.10206995
2025-05-20 13:00:00,0.16310981
2025-05-20 14:00:00,0.21972628
2025-05-20 15:00:00,0.26560688
2025-05-20 16:00:00,0.2860858
2025-05-20 17:00:00,0.27293655
2025-05-20 18:00:00,0.23791571
2025-05-20 19:00:00,0.19657713
2025-05-20 20:00:00,0.15338933
2025-05-20 21:00:00,0.11104269
2025-05-20 22:00:00,0.07646537
2025-05-20 23:00:00,0.06310951
2025-05-21 00:00:00,0.08441676
2025-05-21 01:00:00,0.12715195
2025-05-21 02:00:00,0.1771223
2025-05-21 03:00:00,0.21969272
2025-05-21 04:00:00,0.24700078
2025-05-21 05:00:00,0.25140396
2025-05-21 06:00:00,0.22715512
2025-05-21 07:00:00,0.1897238
2025-05-21 08:00:00,0.15169862
2025-05-21 09:00:00,0.11262219
2025-05-21 10:00:00,0.07983906
2025-05-21 11:00:00,0.0661241
2025-05-21 12:00:00,0.09675092
2025-05-21 13:00:00,0.15616742
2025-05-21 14:00:00,0.21773802
2025-05-21 15:00:00,0.2963264
2025-05-21 16:00:00,0.3321256
2025-05-21 17:00:00,0.34494814
2025-05-21 18:00:00,0.33575994
2025-05-21 19:00:00,0.300275
2025-05-21 20:00:00,0.2554079
2025-05-21 21:00:00,0.21096937
2025-05-21 22:00:00,0.1658161
2025-05-21 23:00:00,0.12508377
2025-05-22 00:00:00,0.09957439
2025-05-22 01:00:00,0.11202396
2025-05-22 02:00:00,0.16421065
2025-05-22 03:00:00,0.221843
2025-05-22 04:00:00,0.27328077
2025-05-22 05:00:00,0.31159535
2025-05-22 06:00:00,0.32174507
2025-05-22 07:00:00,0.30117488
2025-05-22 08:00:00,0.26348835
2025-05-22 09:00:00,0.22301866
2025-05-22 10:00:00,0.18076648
2025-05-22 11:00:00,0.1408479
2025-05-22 12:00:00,0.11728514
2025-05-22 13:00:00,0.13392036
2025-05-22 14:00:00,0.19034591
2025-05-22 15:00:00,0.25283954
2025-05-22 16:00:00,0.3371539
2025-05-22 17:00:00,0.39015606
2025-05-22 18:00:00,0.40066686
2025-05-22 19:00:00,0.38700905
2025-05-22 20:00:00,0.34642473
2025-05-22 21:00:00,0.29906926
2025-05-22 22:00:00,0.25088245
2025-05-22 23:00:00,0.20134455
2025-05-23 00:00:00,0.15466383
2025-05-23 01:00:00,0.12378784
2025-05-23 02:00:00,0.13666035
2025-05-23 03:00:00,0.19806829
2025-05-23 04:00:00,0.27996376
2025-05-23 05:00:00,0.362146
2025-05-23 06:00:00,0.41294003
2025-05-23 07:00:00,0.41947216
2025-05-23 08:00:00,0.4017342
2025-05-23 09:00:00,0.36070982
2025-05-23 10:00:00,0.31611404
2025-05-23 11:00:00,0.27114856
2025-05-23 12:00:00,0.22744308
2025-05-23 13:00:00,0.19046882
2025-05-23 14:00:00,0.1929333
2025-05-23 15:00:00,0.2516701
2025-05-23 16:00:00,0.32642725
2025-05-23 17:00:00,0.41324583
2025-05-23 18:00:00,0.46732733
2025-05-23 19:00:00,0.4765881
2025-05-23 20:00:00,0.4562424
2025-05-23 21:00:00,0.41178957
2025-05-23 22:00:00,0.36343443
2025-05-23 23:00:00,0.31334224
2025-05-24 00:00:00,0.26067665
2025-05-24 01:00:00,0.21062541
2025-05-24 02:00:00,0.1772483
2025-05-24 03:00:00,0.19566824
2025-05-24 04:00:00,0.2685609
2025-05-24 05:00:00,0.37209767
2025-05-24 06:00:00,0.45216265
2025-05-24 07:00:00,0.509089
2025-05-24 08:00:00,0.51852614
2025-05-24 09:00:00,0.49488968
2025-05-24 10:00:00,0.45208192
2025-05-24 11:00:00,0.40675023
2025-05-24 12:00:00,0.3570859
2025-05-24 13:00:00,0.30775267
2025-05-24 14:00:00,0.26645797
2025-05-24 15:00:00,0.26244414
2025-05-24 16:00:00,0.32164326
2025-05-24 17:00:00,0.41304898
2025-05-24 18:00:00,0.4972671
2025-05-24 19:00:00,0.5534772
2025-05-24 20:00:00,0.5616913
2025-05-24 21:00:00,0.53409475
2025-05-24 22:00:00,0.48708478
2025-05-24 23:00:00,0.43740594
2025-05-25 00:00:00,0.38433182
2025-05-25 01:00:00,0.3292011
2025-05-25 02:00:00,0.27544668
2025-05-25 03:00:00,0.24016859
2025-05-25 04:00:00,0.26549903
2025-05-25 05:00:00,0.35296762
2025-05-25 06:00:00,0.4656008
2025-05-25 07:00:00,0.5485001
2025-05-25 08:00:00,0.6048343
2025-05-25 09:00:00,0.6090956
2025-05-25 10:00:00,0.5768001
2025-05-25 11:00:00,0.5325524
2025-05-25 12:00:00,0.48302817
2025-05-25 13:00:00,0.4320973
2025-05-25 14:00:00,0.3795524
2025-05-25 15:00:00,0.33286327
2025-05-25 16:00:00,0.3220028
2025-05-25 17:00:00,0.38003632
2025-05-25 18:00:00,0.47924736
2025-05-25 19:00:00,0.5616463
2025-05-25 20:00:00,0.613273
2025-05-25 21:00:00,0.60795677
2025-05-25 22:00:00,0.5714158
2025-05-25 23:00:00,0.52348006
2025-05-26 00:00:00,0.47346166
2025-05-26 01:00:00,0.4192333
2025-05-26 02:00:00,0.36340666
2025-05-26 03:00:00,0.31091586
2025-05-26 04:00:00,0.28437862
2025-05-26 05:00:00,0.32706237
2025-05-26 06:00:00,0.43642864
